,age,fnlwgt,education-num,capital-gain,capital-loss,hours-per-week
count,32561,32561,32561,32561,32561,32561
mean,38.58164676,189778.3665,10.08067934,1077.648844,87.30382973,40.43745585
std,13.64043255,105549.9777,2.572720332,7385.292085,402.9602186,12.34742868
min,17,12285,1,0,0,1
25%,28,117827,9,0,0,40
50%,37,178356,10,0,0,40
75%,48,237051,12,0,0,45
max,90,1484705,16,99999,4356,99
